[{"id":"8d3d9161-ce1b-4dc5-8272-7d60b67bb65d","x":930.62,"y":433.52,"z":2544,"type":"cardPile","dragging":null,"draggingType":null,"allowPlayerEditLabel":false,"width":108,"height":147},{"id":"04ac61ca-f30b-4a26-8044-26e48eab23a5","x":1186.2,"y":667.45,"z":2821,"type":"labelText","labelContent":"Ad-Hoc Procedures","textSize":30,"bold":true,"textAlign":"left","width":167.76315789473716,"dragging":null,"draggingType":null},{"id":"ecfcd005-b237-4380-a8bf-93cff9e30453","type":"card","cardType":"type-89d74a17-8963-4469-8ae0-85985e193591","deck":"755699b9-f4a6-44c8-a28f-607c31a68039","parent":"3a94bbc7-92fe-4057-8b61-1b6dfa9bf4b4","x":148.01,"y":47.79,"z":2808,"owner":null,"faceup":false,"dragging":null,"draggingType":null},{"id":"3a94bbc7-92fe-4057-8b61-1b6dfa9bf4b4","x":144.01,"y":43.79,"z":2555,"type":"cardPile","label":"Pivot and Escalate","hasShuffleButton":false,"width":108,"height":147,"dragging":null,"draggingType":null,"allowPlayerEditLabel":false},{"id":"3aa56b89-a801-4813-9c25-2754d112b799","type":"card","cardType":"type-2de47ed5-9847-4ccb-b5ae-66fe5ec4347d","deck":"abdac612-446e-4f44-9887-014c4ac3631f","parent":"c5c3f24e-c8cc-47aa-ba32-905286c1a998","x":271.8,"y":48.49,"z":2815,"owner":null,"dragging":null,"draggingType":null,"faceup":false},{"id":"eb9b6b4d-92f0-47c2-bd97-5b3fb2dcdfae","type":"card","cardType":"type-70a5c64c-fe3a-49c4-8143-f2e1d5ef3a6d","deck":"3ef34112-785d-48fb-9e18-fe272ffc0874","parent":"fe12d7bc-0b50-4cfd-813b-985fb0ff9f84","x":1472.02,"y":32.73,"z":2810,"faceup":false,"dragging":null,"draggingType":null,"owner":null},{"id":"ac4e8b36-5aab-4bd3-98bc-4a4fadc27186","type":"card","cardType":"type-a14a7731-f0c6-46af-9b26-f5dcd1b8e3aa","deck":"3ef34112-785d-48fb-9e18-fe272ffc0874","parent":"fe12d7bc-0b50-4cfd-813b-985fb0ff9f84","x":1472.02,"y":32.73,"z":2809,"faceup":false,"dragging":null,"draggingType":null,"owner":null},{"id":"37b97bbd-cbbf-4275-b07c-65485586dbcc","type":"card","cardType":"type-5dcceabf-3607-4bcb-af7e-b5e11e72c98f","deck":"3c1ad03a-94ea-4782-bcbd-b2f7fd3725d8","parent":"c1f99732-c782-4eb1-86b0-6ec8a4094cc6","x":33.81,"y":47.14,"z":2811,"owner":null,"dragging":null,"draggingType":null},{"id":"62017bd1-df1c-44a1-a3d2-8eae82725d65","type":"card","cardType":"type-4f71c798-c3c6-4700-b381-896bc9c78f79","deck":"9213dc48-b4de-46c6-916e-b81d925dce49","parent":"b30a4db8-e169-44d4-a307-c6156f5fe6d4","x":1335.52,"y":32.86,"z":2809,"dragging":null,"draggingType":null,"owner":null},{"cardWidth":100,"backTemplate":{"includeBorder":"heavy","includeRadius":true,"objects":[{"type":"image","x":0,"y":0,"w":100,"h":139,"valueType":"static","value":"package://userassets/462ae61d-007f-48e8-bd02-ab4ddb03c994.jpeg"}]},"type":"cardDeck","id":"3ef34112-785d-48fb-9e18-fe272ffc0874","cardHeight":139,"cardTypes":{"type-170a4769-5775-41f9-b075-92cec9a03fad":{"image":"package://userassets/a16ac28d-6f58-4785-a8fe-7277c65f3f12.jpeg","label":"Endpoint Security Protection Analysis"},"type-70a5c64c-fe3a-49c4-8143-f2e1d5ef3a6d":{"image":"package://userassets/2aec51df-ed75-4c44-94d6-a87711bde7f6.jpeg","label":"Crisis Management"},"type-dbc7fd3e-c8dd-42fd-8f74-cc6b1d33c0f6":{"image":"package://userassets/df63ccda-a5f3-4ac3-8bcf-a06fa0c8736c.jpeg","label":"Endpoint Analysis"},"type-3f531260-7c18-428a-8966-461d0ac5a44d":{"image":"package://userassets/a9f7e298-89b0-4744-be01-bacdb3582353.jpeg","label":"Firewall Log Review"},"type-8e2317fe-b852-4dcd-92b7-25f341cbe8ae":{"image":"package://userassets/55eac7ca-3260-47a3-9f16-b5701ca652a7.jpeg","label":"Isolation"},"type-6c6cf1ae-17d5-43d3-9ba2-3a60eec8c444":{"image":"package://userassets/c5f26387-2441-42a1-a0ef-948b033ed588.jpeg","label":"NetFlow, Zeek/Bro, RITA, Analysis"},"type-d6c6851d-4679-475e-abd8-b551f2df388e":{"image":"package://userassets/45fcec84-3dd8-4811-9857-1225c17b93df.jpeg","label":"Internal Segmentation"},"type-4ea13fa5-95ce-48fe-8095-d86c69d61a0e":{"image":"package://userassets/f7f6db5d-a9ab-4dd6-8122-69a048feecbd.jpeg","label":"Server Analysis"},"type-cbed8208-2460-4344-8f06-958e3d116eb5":{"image":"package://userassets/9b92d8d0-377a-4b31-90c2-407f7eccc8d4.jpeg","label":"Security Information and Event Management (SIEM) Analysis"},"type-a14a7731-f0c6-46af-9b26-f5dcd1b8e3aa":{"image":"package://userassets/18b2b37a-60d5-44ec-b8dd-c8d6c09acc68.jpeg","label":"User and Entity Behavior Analytics (UEBA)"}},"z":2565,"y":69.73,"x":1480.52,"faceTemplate":{"includeBorder":"heavy","includeRadius":true,"objects":[{"type":"image","x":0,"y":0,"w":100,"h":139,"color":"white","valueType":"dynamic","value":"image"}]},"parent":"fe12d7bc-0b50-4cfd-813b-985fb0ff9f84","enlarge":true,"dragging":null,"draggingType":null,"owner":null},{"id":"cc4e675f-1cf5-4694-b319-a3b44287bd56","type":"card","cardType":"type-7ac9fd46-119b-4789-8d66-ccf2501961d1","deck":"9213dc48-b4de-46c6-916e-b81d925dce49","parent":"b30a4db8-e169-44d4-a307-c6156f5fe6d4","x":1335.52,"y":32.86,"z":2807,"dragging":null,"draggingType":null,"owner":null},{"id":"6a263c3f-32de-459d-8e47-71a732cd9bc5","type":"card","cardType":"type-cc697c28-80fe-4172-bd41-a74f34f1cef0","deck":"755699b9-f4a6-44c8-a28f-607c31a68039","parent":"3a94bbc7-92fe-4057-8b61-1b6dfa9bf4b4","x":148.01,"y":47.79,"z":2810,"owner":null,"faceup":false,"dragging":null},{"id":"08891e3e-a64d-46e3-940c-a7621c6fb65a","x":808.53,"y":629.9,"z":2535,"type":"cardPile","dragging":null,"draggingType":null,"allowPlayerEditLabel":false,"width":108,"height":147},{"id":"bee34b45-3977-4ff9-95aa-9b863472084f","type":"card","cardType":"type-4ea13fa5-95ce-48fe-8095-d86c69d61a0e","deck":"3ef34112-785d-48fb-9e18-fe272ffc0874","parent":"fe12d7bc-0b50-4cfd-813b-985fb0ff9f84","x":1472.02,"y":32.73,"z":2813,"faceup":false,"dragging":null,"draggingType":null,"owner":null},{"id":"23ea7291-3979-4e6b-bb53-bf925e899eeb","type":"card","cardType":"type-059b4205-d398-45e4-a069-2d2ec99c0b41","deck":"3c1ad03a-94ea-4782-bcbd-b2f7fd3725d8","parent":"c1f99732-c782-4eb1-86b0-6ec8a4094cc6","x":33.81,"y":47.14,"z":2812,"owner":null,"faceup":false,"dragging":null,"draggingType":null},{"id":"666f3704-fef0-4aa4-8de1-66a8486986ce","type":"card","cardType":"type-e9899235-04a9-4c64-8d2c-9f43d1173850","deck":"3c1ad03a-94ea-4782-bcbd-b2f7fd3725d8","parent":"c1f99732-c782-4eb1-86b0-6ec8a4094cc6","x":33.81,"y":47.14,"z":2810,"owner":null,"dragging":null,"draggingType":null},{"id":"ee721e09-8ef8-4e7c-b4a7-3f0129afdf57","type":"card","cardType":"type-d770a119-2c92-4fe2-b16d-187a2a10dc64","deck":"9213dc48-b4de-46c6-916e-b81d925dce49","parent":"b30a4db8-e169-44d4-a307-c6156f5fe6d4","x":1335.52,"y":32.86,"z":2813,"owner":null,"faceup":false,"dragging":null,"draggingType":null},{"id":"b5bc20a6-9d82-48fd-b7c6-9888cdb255e1","type":"card","cardType":"type-8bcf1d66-8e0e-4f94-b4e2-5de3fa99757c","deck":"abdac612-446e-4f44-9887-014c4ac3631f","parent":"c5c3f24e-c8cc-47aa-ba32-905286c1a998","x":271.8,"y":48.49,"z":2812,"owner":null,"dragging":null},{"id":"068672ae-a5e2-4d5a-9988-e403ecef69e6","type":"card","cardType":"type-e8d3b3c3-0f09-4066-ac1b-340f3d7732c8","deck":"abdac612-446e-4f44-9887-014c4ac3631f","parent":"c5c3f24e-c8cc-47aa-ba32-905286c1a998","x":271.8,"y":48.49,"z":2813,"owner":null,"faceup":false,"dragging":null},{"id":"c9a9f849-af73-410d-8655-ca3ae33813ff","type":"card","cardType":"type-fcc57770-dca2-4469-9f4d-695ed045ba4d","deck":"49f5ae5d-b43e-435b-a036-15e462d54aa8","parent":"94ba651d-e6fc-407e-a369-ba29a2605383","x":397.29,"y":48.82,"z":2810,"owner":null,"faceup":false,"dragging":null,"draggingType":null},{"id":"4de2578b-6e30-48de-8f32-570184fea341","type":"card","cardType":"type-849133eb-e347-4f9f-b9cf-5c66eb30987a","deck":"3c1ad03a-94ea-4782-bcbd-b2f7fd3725d8","parent":"c1f99732-c782-4eb1-86b0-6ec8a4094cc6","x":33.81,"y":47.14,"z":2814,"owner":null,"dragging":null,"draggingType":null,"faceup":false},{"y":631.69,"x":1501.7,"id":"fc61553f-1e40-4246-8488-6ddbce6d83a8","label":"New Game","type":"automationButton","z":2161,"clickRoutine":[{"func":"RECALL_CARDS","args":{"decks":{"type":"literal","value":["3c1ad03a-94ea-4782-bcbd-b2f7fd3725d8","755699b9-f4a6-44c8-a28f-607c31a68039","abdac612-446e-4f44-9887-014c4ac3631f","49f5ae5d-b43e-435b-a036-15e462d54aa8","9213dc48-b4de-46c6-916e-b81d925dce49","3ef34112-785d-48fb-9e18-fe272ffc0874"]},"includeHands":{"type":"literal","value":"hands"}}},{"func":"SHUFFLE_CARDS","args":{"holders":{"type":"literal","value":["c1f99732-c782-4eb1-86b0-6ec8a4094cc6","3a94bbc7-92fe-4057-8b61-1b6dfa9bf4b4","c5c3f24e-c8cc-47aa-ba32-905286c1a998","94ba651d-e6fc-407e-a369-ba29a2605383","b30a4db8-e169-44d4-a307-c6156f5fe6d4","fe12d7bc-0b50-4cfd-813b-985fb0ff9f84"]}}},{"func":"MOVE_CARDS_BETWEEN_HOLDERS","args":{"from":{"type":"literal","value":["c1f99732-c782-4eb1-86b0-6ec8a4094cc6"]},"to":{"type":"literal","value":["feee0c85-4a26-4325-b401-5ec9f75f88fa"]},"quantity":{"type":"literal","value":1},"moveFlip":{"type":"literal","value":"faceDown"}}},{"func":"MOVE_CARDS_BETWEEN_HOLDERS","args":{"from":{"type":"literal","value":["3a94bbc7-92fe-4057-8b61-1b6dfa9bf4b4"]},"to":{"type":"literal","value":["feee0c85-4a26-4325-b401-5ec9f75f88fa"]},"moveFlip":{"type":"literal","value":"faceDown"}}},{"func":"MOVE_CARDS_BETWEEN_HOLDERS","args":{"from":{"type":"literal","value":["c5c3f24e-c8cc-47aa-ba32-905286c1a998"]},"to":{"type":"literal","value":["feee0c85-4a26-4325-b401-5ec9f75f88fa"]},"moveFlip":{"type":"literal","value":"faceDown"}}},{"func":"MOVE_CARDS_BETWEEN_HOLDERS","args":{"from":{"type":"literal","value":["94ba651d-e6fc-407e-a369-ba29a2605383"]},"to":{"type":"literal","value":["feee0c85-4a26-4325-b401-5ec9f75f88fa"]},"moveFlip":{"type":"literal","value":"faceDown"}}},{"func":"MOVE_CARDS_BETWEEN_HOLDERS","args":{"from":{"type":"literal","value":["fe12d7bc-0b50-4cfd-813b-985fb0ff9f84"]},"to":{"type":"literal","value":["587e5506-0839-4975-9803-cab0555cbd32","ca302fe2-cd5f-480a-a403-0f350f89880c","3f69b233-9dfc-4e6c-b5db-97d497303f77","95f36827-8984-48a7-ab2a-b705ece1520a","97902a2d-43f7-4dc9-85d5-cde1bd78bead","3fd55c17-1e40-4771-b0c3-a1f83a1f374b","b74afb2d-94a9-4dad-be19-38b021d57a57","36236bf3-dc80-44c7-93c5-621683c9f111","08891e3e-a64d-46e3-940c-a7621c6fb65a","c99fc070-556f-4a85-9670-8cfff34e35d5"]},"moveFlip":{"type":"literal","value":"faceUp"}}},{"func":"CHANGE_COUNTER","args":{"counters":{"type":"literal","value":["d6907d83-08c5-44fc-b189-f352a4ed35d6"]}}}],"dragging":null,"draggingType":null},{"id":"aa304a17-7f0d-43d1-8349-8658eab621a4","x":510.66,"y":224.3,"z":2545,"type":"cardPile","dragging":null,"draggingType":null,"allowPlayerEditLabel":false,"width":108,"height":147},{"id":"73cd0e0f-aa11-420b-a3ee-1e9ae0a4d1f5","type":"card","cardType":"type-cbed8208-2460-4344-8f06-958e3d116eb5","deck":"3ef34112-785d-48fb-9e18-fe272ffc0874","parent":"fe12d7bc-0b50-4cfd-813b-985fb0ff9f84","x":1472.02,"y":32.73,"z":2812,"faceup":false,"dragging":null,"draggingType":null,"owner":null},{"owner":null,"backTemplate":{"includeBorder":"heavy","includeRadius":true,"objects":[{"type":"image","x":0,"y":0,"w":103,"h":139,"color":"#840202","valueType":"static","value":"/img/cardbacks/cardback-red.svg"},{"type":"image","x":0,"y":0,"w":103,"h":139,"valueType":"static","value":"package://userassets/7af42370-9cc2-4d87-b920-8b0f422efc22.jpeg"}]},"type":"cardDeck","id":"49f5ae5d-b43e-435b-a036-15e462d54aa8","cardTypes":{"type-1fa832c8-e05c-4579-bdc3-b0e16116eb98":{"image":"package://userassets/c5925d68-dfc5-4e27-88b7-3dc0bab50403.jpeg","label":"Domain Fronting As C2"},"type-37f715ee-7a6b-4144-93e1-1e8028ee2782":{"image":"package://userassets/b15c060e-d1ff-4641-8733-53c526ad165e.jpeg","label":"HTTPS As Exfil"},"type-77dd296e-fd25-454a-a50e-5d71952eb7a8":{"image":"package://userassets/a0378b15-e5cf-4333-a497-22679bbbd6ad.jpeg","label":"Gmail, Tumbler, SalesForce, Twitter, As C2"},"type-63bcf002-c350-4e5e-b0c6-c2257dd6e936":{"image":"package://userassets/175a5e4f-1839-4403-9cbb-da996048bbee.jpeg","label":"Windows Background Intelligent Transfer (BITS) Service"},"type-69c8fd02-a578-4322-88b5-e41b7011f1f7":{"image":"package://userassets/6eeff725-e4ca-474d-8669-09e38d01ab5e.jpeg","label":"DNS As C2"},"type-fcc57770-dca2-4469-9f4d-695ed045ba4d":{"image":"package://userassets/2698db09-7714-4db7-823f-b816506bfd78.jpeg","label":"HTTP As Exfil"}},"cardHeight":139,"z":2561,"y":75.32,"x":405.79,"enlarge":true,"faceTemplate":{"includeBorder":"heavy","includeRadius":true,"objects":[{"type":"image","x":0,"y":0,"w":103,"h":139,"color":"white","valueType":"dynamic","value":"image"}]},"parent":"94ba651d-e6fc-407e-a369-ba29a2605383","dragging":null,"draggingType":null},{"id":"95f36827-8984-48a7-ab2a-b705ece1520a","x":808.92,"y":433.17,"z":2543,"type":"cardPile","dragging":null,"draggingType":null,"allowPlayerEditLabel":false,"width":108,"height":147},{"id":"a6b2982d-d453-410f-abab-345549c8e0c5","x":1004.79,"y":253.64,"z":2823,"type":"labelText","labelContent":"Identified Attack Cards","textSize":30,"bold":true,"textAlign":"left","width":163.81578947368416,"dragging":null,"draggingType":null},{"id":"ca302fe2-cd5f-480a-a403-0f350f89880c","x":568.16,"y":433.47,"z":2541,"type":"cardPile","dragging":null,"draggingType":null,"allowPlayerEditLabel":false,"width":108,"height":147},{"id":"d65c47ec-fe35-43ce-8292-c7dc404795b1","type":"card","cardType":"type-844ff5e2-07a6-4d74-a1ba-4dff5ab5f9d8","deck":"3c1ad03a-94ea-4782-bcbd-b2f7fd3725d8","parent":"c1f99732-c782-4eb1-86b0-6ec8a4094cc6","x":33.81,"y":47.14,"z":2807,"owner":null,"faceup":false,"dragging":null,"draggingType":null},{"id":"dd984ce7-ded4-4f3d-b9e3-2f14e1cde482","type":"card","cardType":"type-1fa832c8-e05c-4579-bdc3-b0e16116eb98","deck":"49f5ae5d-b43e-435b-a036-15e462d54aa8","parent":"94ba651d-e6fc-407e-a369-ba29a2605383","x":397.29,"y":48.82,"z":2807,"owner":null,"faceup":false,"dragging":null},{"id":"c5c3f24e-c8cc-47aa-ba32-905286c1a998","x":267.8,"y":44.49,"z":2556,"type":"cardPile","label":"Persistence","width":111,"height":147,"hasShuffleButton":false,"dragging":null,"draggingType":null,"allowPlayerEditLabel":false},{"id":"c99fc070-556f-4a85-9670-8cfff34e35d5","x":929.31,"y":630.86,"z":2534,"type":"cardPile","dragging":null,"draggingType":null,"allowPlayerEditLabel":false,"width":108,"height":147},{"id":"6f7cbb87-b7a1-44fe-89db-654237b3a65a","type":"card","cardType":"type-170a4769-5775-41f9-b075-92cec9a03fad","deck":"3ef34112-785d-48fb-9e18-fe272ffc0874","parent":"fe12d7bc-0b50-4cfd-813b-985fb0ff9f84","x":1472.02,"y":32.73,"z":2808,"faceup":false,"dragging":null,"draggingType":null,"owner":null},{"id":"16499843-0adb-499d-87f9-5307f28a5596","type":"card","cardType":"type-21e95f1f-67dc-441b-aa2d-bc3c56422de8","deck":"abdac612-446e-4f44-9887-014c4ac3631f","parent":"c5c3f24e-c8cc-47aa-ba32-905286c1a998","x":271.8,"y":48.49,"z":2808,"owner":null,"faceup":false,"dragging":null},{"id":"35efa7db-b2ab-400e-9fd3-dd67d5b8a6ff","x":869.93,"y":225.5,"z":2550,"type":"cardPile","dragging":null,"draggingType":null,"width":108,"height":147},{"id":"0bcbd9f3-809e-4bc4-b330-2743c49637f9","type":"card","cardType":"type-6824de26-e35d-4ce3-9c97-2b04154d5ca7","deck":"755699b9-f4a6-44c8-a28f-607c31a68039","parent":"3a94bbc7-92fe-4057-8b61-1b6dfa9bf4b4","x":148.01,"y":47.79,"z":2807,"owner":null,"faceup":false,"dragging":null,"draggingType":null},{"id":"2ad10a79-0e11-4486-a1ef-f9495e8fbefb","x":748.09,"y":223.58,"z":2547,"type":"cardPile","dragging":null,"draggingType":null,"width":108,"height":147},{"id":"c1f99732-c782-4eb1-86b0-6ec8a4094cc6","x":29.81,"y":43.14,"z":2527,"type":"cardPile","label":"Initial Compromise","allowPlayerEditLabel":false,"hasShuffleButton":false,"width":100,"height":135,"dragging":null,"draggingType":null,"hideStackTab":false},{"id":"d6907d83-08c5-44fc-b189-f352a4ed35d6","x":786.03,"y":75.56,"z":967,"type":"counter","counterValue":0,"label":"Turn","dragging":null},{"id":"dc3cae99-8416-408b-aca2-24510f196da9","type":"card","cardType":"type-020bb2f8-3c10-4036-8131-574d6a4175f7","deck":"9213dc48-b4de-46c6-916e-b81d925dce49","parent":"b30a4db8-e169-44d4-a307-c6156f5fe6d4","x":1335.52,"y":32.86,"z":2811,"dragging":null,"draggingType":null,"owner":null},{"cardWidth":100,"backTemplate":{"includeBorder":"heavy","includeRadius":true,"objects":[{"type":"image","x":0,"y":0,"w":100,"h":139,"color":"#840202","valueType":"static","value":"/img/cardbacks/cardback-red.svg"},{"type":"image","x":0,"y":0,"w":100,"h":139,"valueType":"static","value":"package://userassets/11533251-d4d0-441a-b9ee-504c30b994de.jpeg"}]},"type":"cardDeck","id":"755699b9-f4a6-44c8-a28f-607c31a68039","cardTypes":{"type-cc697c28-80fe-4172-bd41-a74f34f1cef0":{"image":"package://userassets/40a68690-54e2-402a-9284-210353fe52ae.jpeg","label":"Credential Stuffing"},"type-760b5fb2-47a4-4819-bd25-bb9c045a533a":{"image":"package://userassets/c705721d-7d5e-4c44-a877-5b084d5ebf66.jpeg","label":"Internal Password Spray"},"type-1cda9785-5b53-4d72-b135-e823ef89d962":{"image":"package://userassets/9098d07d-a1ec-4250-af3c-ce96f4017f9d.jpeg","label":"Kerberoasting"},"type-6824de26-e35d-4ce3-9c97-2b04154d5ca7":{"image":"package://userassets/9a09490a-a73b-48ef-acb6-a759f025ac65.jpeg","label":"Local Privilege Escalation"},"type-fbc3eeec-b20a-4deb-b408-1d558a8fa438":{"image":"package://userassets/f100cb1a-bb63-48bb-8b0a-c8872ddad2c8.jpeg","label":"Broadcast/Multicast Protocol Poisoning"},"type-89d74a17-8963-4469-8ae0-85985e193591":{"image":"package://userassets/8a70b1ed-c7a6-44eb-a2ce-80f0ae7c1376.jpeg","label":"New Service Creation"},"type-d38cefa9-a5d9-4ae6-836c-f33bf993abd2":{"image":"package://userassets/ce949d30-5cbc-47fb-a9b7-0270d80acd3d.jpeg","label":"Weaponizing Active Directory"}},"cardHeight":139,"z":2277,"y":74.29,"x":155.01,"enlarge":true,"faceTemplate":{"includeBorder":"heavy","includeRadius":true,"objects":[{"type":"image","x":0,"y":0,"w":100,"h":139,"color":"white","valueType":"dynamic","value":"image"}]},"parent":"3a94bbc7-92fe-4057-8b61-1b6dfa9bf4b4","dragging":null,"draggingType":null},{"owner":null,"backTemplate":{"includeBorder":"heavy","includeRadius":true,"objects":[{"type":"image","x":0,"y":0,"w":103,"h":139,"valueType":"static","value":"package://userassets/5f2b78fc-c2f7-4c16-9024-fd08250335f1.jpeg"}]},"type":"cardDeck","id":"9213dc48-b4de-46c6-916e-b81d925dce49","cardTypes":{"type-90691615-5941-4073-a994-0ef5a7bfc9ec":{"image":"package://userassets/83694344-f23a-4761-bfb1-2ff49cd1d208.jpeg","label":"Give Defenders a Random Procedure Card"},"type-ad1a9827-5f7c-4711-8d0f-71babdf96122":{"image":"package://userassets/e21ed948-fcdc-4595-9df6-5402b4240df2.jpeg","label":"Management Approves Release of a New Procedure"},"type-f18f56e1-fe16-4bc4-a90a-a69069541b50":{"image":"package://userassets/b3e55b12-3e6e-4f4a-a6f5-71283f843257.jpeg","label":"Lead Handler Has Baby, Takes Leave"},"type-020bb2f8-3c10-4036-8131-574d6a4175f7":{"image":"package://userassets/e686c895-9558-4942-b987-844907e188ac.jpeg","label":"Honeypots Deployed"},"type-6fcf876d-1db4-4ff7-9ed9-48381e215737":{"image":"package://userassets/e99c2f49-37c7-4bdb-929d-0108d638ac34.jpeg","label":"Bobby the Intern Kills the System Being Reviewed"},"type-23081f52-c50d-4323-89ae-3db7d6070023":{"image":"package://userassets/bdde9426-6a52-4d5c-89d3-41881f183371.jpeg","label":"Legal Steals Only Skilled Handler Into Meeting"},"type-d770a119-2c92-4fe2-b16d-187a2a10dc64":{"image":"package://userassets/70be94de-8072-4b24-b9a1-f95520b39a5f.jpeg","label":"Data Uploaded to Pastebin"},"type-4f71c798-c3c6-4700-b381-896bc9c78f79":{"image":"package://userassets/57dde59b-e036-4b87-8302-900c47ce01e3.jpeg","label":"It was a Pentest"},"type-97993a6b-683c-461c-830b-d7f9fed48fc0":{"image":"package://userassets/0368cd6c-326a-465c-8116-a593c11d2a54.jpeg","label":"Take One Procedure Card Away"},"type-7ac9fd46-119b-4789-8d66-ccf2501961d1":{"image":"package://userassets/d1b89d19-d821-4ab2-8b91-f16a4595d18f.jpeg","label":"SIEM Analyst Returns From Splunk Training"}},"cardHeight":139,"z":968,"y":59.36,"x":1344.02,"faceTemplate":{"includeBorder":"heavy","includeRadius":true,"objects":[{"type":"image","x":0,"y":0,"w":103,"h":139,"color":"white","valueType":"dynamic","value":"image"}]},"parent":"b30a4db8-e169-44d4-a307-c6156f5fe6d4","enlarge":true,"dragging":null},{"id":"2eec61cb-8a97-4c1b-9ec5-2dc18d7ff61e","type":"card","cardType":"type-fbc3eeec-b20a-4deb-b408-1d558a8fa438","deck":"755699b9-f4a6-44c8-a28f-607c31a68039","parent":"3a94bbc7-92fe-4057-8b61-1b6dfa9bf4b4","x":148.01,"y":47.79,"z":2820,"owner":null,"faceup":false,"dragging":null,"draggingType":null},{"id":"17c9ed85-b622-49f1-9ddc-796303d6ee5b","type":"card","cardType":"type-6c6cf1ae-17d5-43d3-9ba2-3a60eec8c444","deck":"3ef34112-785d-48fb-9e18-fe272ffc0874","parent":"fe12d7bc-0b50-4cfd-813b-985fb0ff9f84","x":1472.02,"y":32.73,"z":2816,"faceup":false,"dragging":null,"draggingType":null,"owner":null},{"id":"8f2eb871-44e4-4f50-b691-0dcaeb187257","type":"card","cardType":"type-f0799776-e38f-40ff-8395-0a84a3578c3c","deck":"abdac612-446e-4f44-9887-014c4ac3631f","parent":"c5c3f24e-c8cc-47aa-ba32-905286c1a998","x":271.8,"y":48.49,"z":2811,"owner":null,"dragging":null},{"id":"f891a293-246e-41a8-9a4a-f30131390b45","type":"card","cardType":"type-760b5fb2-47a4-4819-bd25-bb9c045a533a","deck":"755699b9-f4a6-44c8-a28f-607c31a68039","parent":"3a94bbc7-92fe-4057-8b61-1b6dfa9bf4b4","x":148.01,"y":47.79,"z":2819,"owner":null,"dragging":null,"draggingType":null,"faceup":false},{"id":"2dead0b8-c5c1-4e10-a069-5686770d6ec3","type":"card","cardType":"type-37f715ee-7a6b-4144-93e1-1e8028ee2782","deck":"49f5ae5d-b43e-435b-a036-15e462d54aa8","parent":"94ba651d-e6fc-407e-a369-ba29a2605383","x":397.29,"y":48.82,"z":2812,"owner":null,"faceup":false,"dragging":null},{"id":"221edd7d-9635-40ba-89c5-f7664756a1ac","type":"card","cardType":"type-63bcf002-c350-4e5e-b0c6-c2257dd6e936","deck":"49f5ae5d-b43e-435b-a036-15e462d54aa8","parent":"94ba651d-e6fc-407e-a369-ba29a2605383","x":397.29,"y":48.82,"z":2811,"owner":null,"faceup":false,"dragging":null},{"id":"616a2b44-9f76-4750-9752-e9c1c8f05105","type":"card","cardType":"type-f3058a9a-b109-4bfc-9fe6-3c6cebe93f6e","deck":"3c1ad03a-94ea-4782-bcbd-b2f7fd3725d8","parent":"c1f99732-c782-4eb1-86b0-6ec8a4094cc6","x":33.81,"y":47.14,"z":2808,"owner":null,"faceup":false,"dragging":null,"draggingType":null},{"id":"38d59700-2ab4-4286-8377-fdf6def368a4","type":"card","cardType":"type-f18f56e1-fe16-4bc4-a90a-a69069541b50","deck":"9213dc48-b4de-46c6-916e-b81d925dce49","parent":"b30a4db8-e169-44d4-a307-c6156f5fe6d4","x":1335.52,"y":32.86,"z":2816,"dragging":null,"draggingType":null,"owner":null},{"id":"97902a2d-43f7-4dc9-85d5-cde1bd78bead","x":327.7,"y":628.33,"z":2551,"type":"cardPile","dragging":null,"draggingType":null,"allowPlayerEditLabel":false,"width":108,"height":147},{"id":"ac0c7671-848d-4929-b140-0d56f11bddcc","type":"card","cardType":"type-8e2317fe-b852-4dcd-92b7-25f341cbe8ae","deck":"3ef34112-785d-48fb-9e18-fe272ffc0874","parent":"fe12d7bc-0b50-4cfd-813b-985fb0ff9f84","x":1472.02,"y":32.73,"z":2807,"faceup":false,"dragging":null,"draggingType":null,"owner":null},{"id":"bfcc514a-0aa3-4053-9027-1cc3351ebc87","type":"card","cardType":"type-d38cefa9-a5d9-4ae6-836c-f33bf993abd2","deck":"755699b9-f4a6-44c8-a28f-607c31a68039","parent":"3a94bbc7-92fe-4057-8b61-1b6dfa9bf4b4","x":148.01,"y":47.79,"z":2809,"owner":null,"dragging":null},{"id":"03137815-9020-4601-adb3-78b48e40a4f1","type":"card","cardType":"type-d6c6851d-4679-475e-abd8-b551f2df388e","deck":"3ef34112-785d-48fb-9e18-fe272ffc0874","parent":"fe12d7bc-0b50-4cfd-813b-985fb0ff9f84","x":1472.02,"y":32.73,"z":2815,"faceup":false,"dragging":null,"draggingType":null,"owner":null},{"id":"87d58d84-3231-47f5-ab4a-9bfa06cb898e","type":"card","cardType":"type-ad1a9827-5f7c-4711-8d0f-71babdf96122","deck":"9213dc48-b4de-46c6-916e-b81d925dce49","parent":"b30a4db8-e169-44d4-a307-c6156f5fe6d4","x":1335.52,"y":32.86,"z":2814,"dragging":null,"draggingType":null,"owner":null},{"id":"29c5cea1-8b70-4a4b-8edf-161a3164eb1d","type":"card","cardType":"type-97993a6b-683c-461c-830b-d7f9fed48fc0","deck":"9213dc48-b4de-46c6-916e-b81d925dce49","parent":"b30a4db8-e169-44d4-a307-c6156f5fe6d4","x":1335.52,"y":32.86,"z":2812,"dragging":null,"draggingType":null,"owner":null},{"id":"94ba651d-e6fc-407e-a369-ba29a2605383","x":393.29,"y":44.82,"z":2558,"type":"cardPile","label":"C2 and Exfil","width":111,"height":147,"hasShuffleButton":false,"dragging":null,"draggingType":null,"allowPlayerEditLabel":false,"r":0},{"id":"e10100b5-4bdb-46f3-8ec8-cbe49fd950d0","type":"card","cardType":"type-96c19b49-e604-46ed-baeb-1d10cc23ba7a","deck":"3c1ad03a-94ea-4782-bcbd-b2f7fd3725d8","parent":"c1f99732-c782-4eb1-86b0-6ec8a4094cc6","x":33.81,"y":47.14,"z":2813,"owner":null,"dragging":null,"draggingType":null},{"id":"b30a4db8-e169-44d4-a307-c6156f5fe6d4","x":1331.52,"y":28.86,"z":2560,"type":"cardPile","label":"Injects","hasShuffleButton":false,"width":111,"height":147,"dragging":null,"draggingType":null,"allowPlayerEditLabel":false},{"cardWidth":92,"backTemplate":{"includeBorder":"heavy","includeRadius":true,"objects":[{"type":"image","x":0,"y":0,"w":92,"h":127,"valueType":"static","value":"package://userassets/d93c4125-f3a4-4f4a-830d-02b20266a164.jpeg"}]},"type":"cardDeck","id":"3c1ad03a-94ea-4782-bcbd-b2f7fd3725d8","cardTypes":{"type-96c19b49-e604-46ed-baeb-1d10cc23ba7a":{"image":"package://userassets/ce8fc09b-0dbb-4290-8ae6-004fade98685.jpeg","label":"Trusted Relationship (3rd Party Compromise)"},"type-849133eb-e347-4f9f-b9cf-5c66eb30987a":{"image":"package://userassets/530d6bad-e89d-4430-99cd-ea3f7a6e778b.jpeg","label":"Credential Stuffing"},"type-844ff5e2-07a6-4d74-a1ba-4dff5ab5f9d8":{"image":"package://userassets/c776fe97-1a12-459f-b56f-9ff1644efc3f.jpeg","label":"Exploitable External Service"},"type-bc44741d-1fe3-495f-a933-53d19490a175":{"image":"package://userassets/45ca5255-822e-4ebe-9eae-adcb9e2dbf8e.jpeg","label":"External Cloud Access"},"type-5dcceabf-3607-4bcb-af7e-b5e11e72c98f":{"image":"package://userassets/908a54a9-7fb1-48f1-bb81-de2400a57d8f.jpeg","label":"Insider Threat"},"type-e9899235-04a9-4c64-8d2c-9f43d1173850":{"image":"package://userassets/c3af51b3-210f-469d-8120-faf80e1e70ae.jpeg","label":"Password Spray"},"type-f7b8dc73-45b4-4bfa-848a-e86bb3a505b6":{"image":"package://userassets/dca989c6-6c28-4b5c-ac82-186bd6ca143b.jpeg","label":"Phish"},"type-059b4205-d398-45e4-a069-2d2ec99c0b41":{"image":"package://userassets/148fd4a3-c26a-41c1-a701-141d25489442.jpeg","label":"Social Engineering"},"type-f3058a9a-b109-4bfc-9fe6-3c6cebe93f6e":{"image":"package://userassets/a5e4aad6-2609-425e-ad8e-039947362d76.jpeg","label":"Web Server Compromise"},"type-a0f046e7-7209-4d50-884e-9b3fab963438":{"image":"package://userassets/27013348-2324-4e3a-b7da-b3afad382b63.jpeg","label":"Bring Your Own (Exploited) Device"}},"cardHeight":127,"z":2375,"y":67.64,"x":36.81,"faceTemplate":{"includeBorder":"heavy","includeRadius":true,"objects":[{"type":"image","x":0,"y":0,"w":92,"h":127,"color":"white","valueType":"dynamic","value":"image"}]},"enlarge":true,"parent":"c1f99732-c782-4eb1-86b0-6ec8a4094cc6","dragging":null,"draggingType":null},{"id":"d08ae2fb-6246-4041-8ff1-6ea56cf7accc","type":"card","cardType":"type-90691615-5941-4073-a994-0ef5a7bfc9ec","deck":"9213dc48-b4de-46c6-916e-b81d925dce49","parent":"b30a4db8-e169-44d4-a307-c6156f5fe6d4","x":1335.52,"y":32.86,"z":2808,"dragging":null,"draggingType":null,"owner":null},{"id":"e34abecb-7851-4e66-af94-507a4e84d91e","x":628.13,"y":223.91,"z":2546,"type":"cardPile","dragging":null,"draggingType":null,"allowPlayerEditLabel":false,"width":108,"height":147},{"id":"dd804e2a-0220-4381-b92e-3bd70e8176f8","type":"card","cardType":"type-ccafa4a6-00bb-4028-b142-27b0b70d442e","deck":"abdac612-446e-4f44-9887-014c4ac3631f","parent":"c5c3f24e-c8cc-47aa-ba32-905286c1a998","x":271.8,"y":48.49,"z":2810,"owner":null,"faceup":false,"dragging":null},{"id":"15bf4033-c836-4202-a744-1dc075e5dc4a","type":"card","cardType":"type-bc44741d-1fe3-495f-a933-53d19490a175","deck":"3c1ad03a-94ea-4782-bcbd-b2f7fd3725d8","parent":"c1f99732-c782-4eb1-86b0-6ec8a4094cc6","x":33.81,"y":47.14,"z":2809,"owner":null,"dragging":null,"draggingType":null},{"id":"hand","type":"hand","x":50,"y":820,"z":1,"dragging":null},{"type":"spinner","id":"bde55a85-1038-4a07-bfa6-6775864935b2","x":966.5,"y":32.9,"z":941,"options":[1,2,3,4,5,6,7,8,9,10,11,12,13,14,15,16,17,18,19,20],"rotation":2345,"value":"11","dragging":null},{"id":"3fd55c17-1e40-4771-b0c3-a1f83a1f374b","x":448.99,"y":628.41,"z":2538,"type":"cardPile","dragging":null,"draggingType":null,"allowPlayerEditLabel":false,"width":108,"height":147},{"id":"5a4481c9-124e-4d70-8bac-c22282ed4815","type":"card","cardType":"type-69c8fd02-a578-4322-88b5-e41b7011f1f7","deck":"49f5ae5d-b43e-435b-a036-15e462d54aa8","parent":"94ba651d-e6fc-407e-a369-ba29a2605383","x":397.29,"y":48.82,"z":2809,"owner":null,"faceup":false,"dragging":null},{"id":"964839e6-5c82-44f9-9986-520865668c5a","type":"card","cardType":"type-77dd296e-fd25-454a-a50e-5d71952eb7a8","deck":"49f5ae5d-b43e-435b-a036-15e462d54aa8","parent":"94ba651d-e6fc-407e-a369-ba29a2605383","x":397.29,"y":48.82,"z":2808,"owner":null,"faceup":false,"dragging":null,"draggingType":null},{"y":729.35,"x":1499.13,"id":"3a46482a-bb47-41bf-8b1b-4f6e80559869","label":"Reset","type":"automationButton","z":2078,"clickRoutine":[{"func":"RECALL_CARDS","args":{"includeHands":{"type":"literal","value":"hands"},"decks":{"type":"literal","value":["3c1ad03a-94ea-4782-bcbd-b2f7fd3725d8","755699b9-f4a6-44c8-a28f-607c31a68039","abdac612-446e-4f44-9887-014c4ac3631f","49f5ae5d-b43e-435b-a036-15e462d54aa8","9213dc48-b4de-46c6-916e-b81d925dce49","3ef34112-785d-48fb-9e18-fe272ffc0874"]}}},{"func":"CHANGE_COUNTER","args":{"counters":{"type":"literal","value":["d6907d83-08c5-44fc-b189-f352a4ed35d6"]}}}],"dragging":null,"draggingType":null},{"id":"b74afb2d-94a9-4dad-be19-38b021d57a57","x":569.38,"y":628.47,"z":2537,"type":"cardPile","dragging":null,"draggingType":null,"allowPlayerEditLabel":false,"width":108,"height":147},{"id":"0c894968-ec62-48e2-883c-d4172762716b","x":1070.3,"y":478.42,"z":2822,"type":"labelText","labelContent":"Implemented Procedures (+3)","textSize":30,"bold":true,"textAlign":"left","width":300,"dragging":null,"draggingType":null},{"id":"ce079b5e-a201-4017-8bd8-577bd4241ea9","type":"card","cardType":"type-6fcf876d-1db4-4ff7-9ed9-48381e215737","deck":"9213dc48-b4de-46c6-916e-b81d925dce49","parent":"b30a4db8-e169-44d4-a307-c6156f5fe6d4","x":1335.52,"y":32.86,"z":2810,"dragging":null,"draggingType":null,"owner":null},{"id":"33f011fe-bff4-47ad-a694-ac6f9bef49fc","type":"card","cardType":"type-23081f52-c50d-4323-89ae-3db7d6070023","deck":"9213dc48-b4de-46c6-916e-b81d925dce49","parent":"b30a4db8-e169-44d4-a307-c6156f5fe6d4","x":1335.52,"y":32.86,"z":2815,"dragging":null,"draggingType":null,"owner":null},{"id":"3d14e441-3a86-40fb-b92b-1785661c00d6","type":"card","cardType":"type-91085293-1c7a-4380-bc87-8a67e3ce7df4","deck":"abdac612-446e-4f44-9887-014c4ac3631f","parent":"c5c3f24e-c8cc-47aa-ba32-905286c1a998","x":271.8,"y":48.49,"z":2814,"owner":null,"dragging":null},{"id":"30affafd-767b-4bab-923e-f5ac0a7f4c01","type":"card","cardType":"type-678e49cf-b797-4dc4-a405-1189cf08a8e3","deck":"abdac612-446e-4f44-9887-014c4ac3631f","parent":"c5c3f24e-c8cc-47aa-ba32-905286c1a998","x":271.8,"y":48.49,"z":2807,"owner":null,"dragging":null},{"backTemplate":{"includeBorder":"heavy","includeRadius":true,"objects":[{"type":"image","x":0,"y":0,"w":103,"h":139,"color":"#840202","valueType":"static","value":"/img/cardbacks/cardback-red.svg"},{"type":"image","x":0,"y":0,"w":103,"h":139,"valueType":"static","value":"package://userassets/dddd54eb-c1f4-4848-b309-34aee5d2fab1.jpeg"}]},"type":"cardDeck","id":"abdac612-446e-4f44-9887-014c4ac3631f","cardTypes":{"type-ccafa4a6-00bb-4028-b142-27b0b70d442e":{"image":"package://userassets/9fbf4a67-cf20-4e76-8148-56cbbd20d6bc.jpeg","label":"Accessibility Features"},"type-f0799776-e38f-40ff-8395-0a84a3578c3c":{"image":"package://userassets/ddfe224f-83cf-4d79-821c-848cf08322ba.jpeg","label":"Application Shimming"},"type-3be8d4e8-1a66-42ea-a67c-cfb2593c39bb":{"image":"package://userassets/4475c333-c4d0-484a-8a28-79ffb2a1b91f.jpeg","label":"Malicious Browser Plugins"},"type-91085293-1c7a-4380-bc87-8a67e3ce7df4":{"image":"package://userassets/9d3e609c-e880-48fc-9c53-f179954561de.jpeg","label":"DLL Attacks"},"type-678e49cf-b797-4dc4-a405-1189cf08a8e3":{"image":"package://userassets/dc214c26-b6d8-4ca3-88b3-5ba95433bf8f.jpeg","label":"Malicious Service/Malware"},"type-e8d3b3c3-0f09-4066-ac1b-340f3d7732c8":{"image":"package://userassets/23ea9fad-60ff-475c-89fd-fb99b36c901d.jpeg","label":"Evil Firmware"},"type-2de47ed5-9847-4ccb-b5ae-66fe5ec4347d":{"image":"package://userassets/41be337a-eea8-455b-82fd-7216343ea0aa.jpeg","label":"Logon Scripts"},"type-8bcf1d66-8e0e-4f94-b4e2-5de3fa99757c":{"image":"package://userassets/dbcc2be8-91e0-46c6-ae04-dc9793e87b82.jpeg","label":"Malicious Driver"},"type-21e95f1f-67dc-441b-aa2d-bc3c56422de8":{"image":"package://userassets/7d006561-4807-4f0e-9577-df97de56e362.jpeg","label":"New User Added"}},"cardHeight":139,"z":2279,"y":74.99,"x":279.54,"faceTemplate":{"includeBorder":"heavy","includeRadius":true,"objects":[{"type":"image","x":0,"y":0,"w":103,"h":139,"color":"white","valueType":"dynamic","value":"image"}]},"enlarge":true,"parent":"c5c3f24e-c8cc-47aa-ba32-905286c1a998","dragging":null,"draggingType":null},{"id":"feee0c85-4a26-4325-b401-5ec9f75f88fa","x":30.11,"y":626.91,"z":2528,"type":"cardPile","label":"Incident Master's Hand","width":111,"height":147,"dragging":null,"draggingType":null,"allowPlayerEditLabel":false},{"id":"1bbd4c44-d42b-4544-a18f-485695b46f52","type":"card","cardType":"type-f7b8dc73-45b4-4bfa-848a-e86bb3a505b6","deck":"3c1ad03a-94ea-4782-bcbd-b2f7fd3725d8","parent":"c1f99732-c782-4eb1-86b0-6ec8a4094cc6","x":33.81,"y":47.14,"z":2815,"owner":null,"dragging":null,"draggingType":null},{"id":"460b5e0a-ce89-4015-a0af-b7a01c2946fe","type":"card","cardType":"type-1cda9785-5b53-4d72-b135-e823ef89d962","deck":"755699b9-f4a6-44c8-a28f-607c31a68039","parent":"3a94bbc7-92fe-4057-8b61-1b6dfa9bf4b4","x":148.01,"y":47.79,"z":2811,"owner":null,"dragging":null},{"id":"08740ed5-e931-4f55-9874-766c2cf4effe","type":"card","cardType":"type-dbc7fd3e-c8dd-42fd-8f74-cc6b1d33c0f6","deck":"3ef34112-785d-48fb-9e18-fe272ffc0874","parent":"fe12d7bc-0b50-4cfd-813b-985fb0ff9f84","x":1472.02,"y":32.73,"z":2811,"faceup":false,"dragging":null,"draggingType":null,"owner":null},{"id":"2e04bb06-1690-4a5b-81bd-d287acccc490","type":"card","cardType":"type-a0f046e7-7209-4d50-884e-9b3fab963438","deck":"3c1ad03a-94ea-4782-bcbd-b2f7fd3725d8","parent":"c1f99732-c782-4eb1-86b0-6ec8a4094cc6","x":33.81,"y":47.14,"z":2816,"owner":null,"dragging":null,"draggingType":null,"faceup":false},{"id":"7d43bd09-259d-427f-acc1-0fcbd005221e","type":"card","cardType":"type-3be8d4e8-1a66-42ea-a67c-cfb2593c39bb","deck":"abdac612-446e-4f44-9887-014c4ac3631f","parent":"c5c3f24e-c8cc-47aa-ba32-905286c1a998","x":271.8,"y":48.49,"z":2809,"owner":null,"faceup":false,"dragging":null},{"id":"fe12d7bc-0b50-4cfd-813b-985fb0ff9f84","x":1468.02,"y":28.73,"z":2566,"type":"cardPile","label":"Procedures","hasShuffleButton":false,"dragging":null,"draggingType":null,"hideStackTab":false,"allowPlayerEditLabel":false,"r":0,"width":108,"height":147},{"id":"36236bf3-dc80-44c7-93c5-621683c9f111","x":689.77,"y":630.22,"z":2536,"type":"cardPile","dragging":null,"draggingType":null,"allowPlayerEditLabel":false,"width":108,"height":147},{"id":"587e5506-0839-4975-9803-cab0555cbd32","x":448.5,"y":434.76,"z":2540,"type":"cardPile","dragging":null,"draggingType":null,"allowPlayerEditLabel":false,"width":108,"height":147},{"id":"6286dd06-421a-41b3-b583-13fef24c9e8e","type":"card","cardType":"type-3f531260-7c18-428a-8966-461d0ac5a44d","deck":"3ef34112-785d-48fb-9e18-fe272ffc0874","parent":"fe12d7bc-0b50-4cfd-813b-985fb0ff9f84","x":1472.02,"y":32.73,"z":2814,"faceup":false,"dragging":null,"draggingType":null,"owner":null},{"id":"3f69b233-9dfc-4e6c-b5db-97d497303f77","x":689.79,"y":433.04,"z":2542,"type":"cardPile","dragging":null,"draggingType":null,"allowPlayerEditLabel":false,"width":108,"height":147},{"id":"b24298c3-620c-458b-ba39-1e6adfa3b6f4","x":1048.97,"y":630.85,"z":2533,"type":"cardPile","dragging":null,"draggingType":null,"allowPlayerEditLabel":false,"width":108,"height":147}]